	rule	confidence
0	704 -> 39	0.617056856187291
1	704 -> 825	0.6142697881828316
2	227 -> 390	0.577007700770077
3	704 -> 39, 825	0.5769230769230769
4	39, 704 -> 825	0.9349593495934959
5	39, 825 -> 704	0.8719460825610783
6	704, 825 -> 39	0.9392014519056261



